year,predicted_population
2025,1474766824.6208534
2030,1558154521.7727547
2035,1641542218.924656
2040,1724929916.0765572
